title,url,thumbnail_url,channel,description
"Sonic the Hedgehog 2 (2022) - ""Final Trailer"" - Paramount Pictures",https://www.youtube.com/watch?v=47r8FXYZWNU,https://i.ytimg.com/vi/47r8FXYZWNU/hqdefault.jpg?sqp=-oaymwEcCPYBEIoBSFXyq4qpAw4IARUAAIhCGAFwAcABBg==&rs=AOn4CLA-pisn-ANfoVejbVR9CCO3-O1B1Q,Paramount Pictures,"The world‚Äôs favorite blue hedgehog is back for a next-level adventure in SONIC THE HEDGEHOG 2. After settling in Green Hills, Sonic is eager to prove he has what it takes to be a true hero...."
U.S. Says Russia Made Unusual Request for Chinese Aid on Ukraine,https://www.youtube.com/watch?v=FI8FoAF5ZkQ,https://i.ytimg.com/vi/FI8FoAF5ZkQ/hqdefault.jpg?sqp=-oaymwEcCPYBEIoBSFXyq4qpAw4IARUAAIhCGAFwAcABBg==&rs=AOn4CLBxGsaf5wfANMYm5OhfPjo47ln6qw,Bloomberg Markets and Finance,"U.S. officials say Russia has asked China for military assistance for its war in Ukraine. Stephen Engle reports on ""Bloomberg Daybreak: Asia."""
The Kardashians | Official Trailer | Hulu,https://www.youtube.com/watch?v=CvEzCkdgnWk,https://i.ytimg.com/vi/CvEzCkdgnWk/hqdefault.jpg?sqp=-oaymwEcCPYBEIoBSFXyq4qpAw4IARUAAIhCGAFwAcABBg==&rs=AOn4CLDo_tGNxacLEvc4fQMlpHSNejF7Aw,Hulu,"#TheKardashians premieres April 14 on Hulu, Disney+ internationally and Star+ in Latin America. SUBSCRIBE TO HULU‚ÄôS YOUTUBE CHANNEL Click the link to subscribe to our channel for the latest..."
Five Nights at Freddy's 2: REVISITED,https://www.youtube.com/watch?v=GXJiEfWwztU,https://i.ytimg.com/vi/GXJiEfWwztU/hqdefault.jpg?sqp=-oaymwEcCPYBEIoBSFXyq4qpAw4IARUAAIhCGAFwAcABBg==&rs=AOn4CLAmyWVeESACguHSAXzP8hYQIDxNPw,Markiplier,The Video ‚ñ∫ https://www.youtube.com/watch?v=QD7QU0UvCUM
3 magic tricks for beginners from Indonesia,https://www.youtube.com/watch?v=681PTte-_Sg,https://i.ytimg.com/vi/681PTte-_Sg/hqdefault.jpg?sqp=-oaymwEcCPYBEIoBSFXyq4qpAw4IARUAAIhCGAFwAcABBg==&rs=AOn4CLD1gxo5bcJ7mYH_1OF99TQ5TeC7JA,MasomkaMagic  ,
(G)I-DLE - 'TOMBOY' Official Music Video,https://www.youtube.com/watch?v=Jh4QFaPmdss,https://i.ytimg.com/vi/Jh4QFaPmdss/hqdefault.jpg?sqp=-oaymwEcCPYBEIoBSFXyq4qpAw4IARUAAIhCGAFwAcABBg==&rs=AOn4CLBE9xVoRsd3LbDd_vXBob0ARPi0wQ,(G)I-DLE (Ïó¨Ïûê)ÏïÑÏù¥Îì§ (Official YouTube Channel),"(G)I-DLE - 'TOMBOY' Official Music Video Composed by ÏÜåÏó∞, Pop Time, JENCI Lyrics by ÏÜåÏó∞ Arranged by Pop Time, JENCI, ÏÜåÏó∞ Look at you ÎÑå Î™ª Í∞êÎãπÌï¥ ÎÇ† Ya took off hook Í∏∞Î∂ÑÏùÄ..."
Something About Pikmin SPEEDRUN (Loud Sound Warning) ü•ïü•ïü•ïüë®‚ÄçüöÄüöÄ,https://www.youtube.com/watch?v=uHPCJoLrhS0,https://i.ytimg.com/vi/uHPCJoLrhS0/hqdefault.jpg?sqp=-oaymwEcCPYBEIoBSFXyq4qpAw4IARUAAIhCGAFwAcABBg==&rs=AOn4CLDOq9oTAsKmFX9UcDqXo6sR2ko3-Q,TerminalMontage,Captain Olimar crashed landed on a mysterious planet! Will he be able to repair his ship with the help of some sapient carrots? http://www.TerminalMontage.com Patreon: https://www.patreon.com/ter...
Based on a true story üòÇ,https://www.youtube.com/watch?v=cyCQRcERUZA,https://i.ytimg.com/vi/cyCQRcERUZA/hqdefault.jpg?sqp=-oaymwEcCPYBEIoBSFXyq4qpAw4IARUAAIhCGAFwAcABBg==&rs=AOn4CLC3rOFHADJ40n7plukVSEbCHVsM-g,ecomedyethann,
"Stray Kids ""MANIAC"" M/V Teaser 1",https://www.youtube.com/watch?v=N7g34GdeZTk,https://i.ytimg.com/vi/N7g34GdeZTk/hqdefault.jpg?sqp=-oaymwEcCPYBEIoBSFXyq4qpAw4IARUAAIhCGAFwAcABBg==&rs=AOn4CLBBL1neQYBtjV-lZlOhfHvxi2ACvg,JYP Entertainment,"Stray Kids(Ïä§Ìä∏Î†àÏù¥ ÌÇ§Ï¶à) ""MANIAC"" M/V Teaser 1 ‚úÖ Pre-Save and Pre-Order ÔºúODDINARYÔºû now! http://Stray-Kids.lnk.to/ODDINARY Stray Kids Official YouTube: https://www.youtube.com/c/Stra..."
This man does it again! #chocolate #satisfying #asmr #shorts #diy #baking #decoration #art #artist,https://www.youtube.com/watch?v=JOD3gzjPeUQ,https://i.ytimg.com/vi/JOD3gzjPeUQ/hqdefault.jpg?sqp=-oaymwEcCPYBEIoBSFXyq4qpAw4IARUAAIhCGAFwAcABBg==&rs=AOn4CLBSCCeSqRhZQZs8v15D_FC52HkNGg,Mark Chrispy,
